{
    "imports": {
        "src.data_loader": 4.311707019805908,
        "src.paper_trader": 0.00304412841796875,
        "src.portfolio.correlation_engine": 0.02851414680480957,
        "src.trading.market_scanner": 0.06271839141845703,
        "src.execution.execution_engine": 0.0069582462310791016,
        "src.agents.oracle": 2.8877828121185303,
        "src.ui.hologram": 0.09499764442443848,
        "src.core.quantum_ledger": 0.0025284290313720703
    },
    "complexity": {
        "app.py": 9,
        "src/execution/execution_engine.py": 77,
        "src/trading/market_scanner.py": 36,
        "src/data_loader.py": 71,
        "src/ui/sidebar.py": 16
    },
    "scan_init": -1.0
}