,Avg Return,Median Return,Avg Sharpe,Avg Max DD,Win Rate,Total Trades
RSI,-0.0031805760361148794,0.0,-0.06193156189382306,-0.0033346670195336494,0.0,2.0
Bollinger,0.05473868329121665,0.01439186905781642,0.3258487420172723,-0.04814604908630209,0.55,29.0
Combined,-0.002756231145043203,0.0,-0.016289003138828646,-0.004493741276234853,0.0,1.0
ML (RF),0.12662207107858747,0.10825827772930985,0.4256465573618285,-0.10926284687599534,0.8,420.0
LightGBM,0.1842711466149454,0.1185118147522497,0.9095638051041467,-0.0725046719748781,0.9,321.0
