{
    "random_forest": {
        "n_estimators": 266,
        "max_depth": 9,
        "min_samples_split": 9
    },
    "lightgbm": {
        "lambda_l1": 1.2191383090809103e-07,
        "lambda_l2": 5.359447976974928e-08,
        "num_leaves": 245,
        "feature_fraction": 0.9548738989872793,
        "bagging_fraction": 0.9412001070647795,
        "bagging_freq": 1,
        "min_child_samples": 71
    },
    "transformer": {
        "hidden_size": 32,
        "num_attention_heads": 4,
        "num_encoder_layers": 1,
        "dropout": 0.17392120121788768,
        "learning_rate": 0.00024490960961164374,
        "batch_size": 32
    }
}